,Time,CO2_sillburp,CO2_silli
0,0.0,730158.4249741809,658361.9568676394
1,253.67833587011668,20980.5673073856,13359.577493541954
2,507.35667174023337,12658.79192012894,7532.771838399527
3,761.03500761035,4726.822292202095,5215.314262675885
4,1014.7133434804667,3632.9414655237542,3972.7688457282065
5,1268.3916793505834,8936.738129168752,3199.6361089595166
6,1522.0700152207,2256.0844970725225,2672.2792002815577
7,1775.7483510908169,1943.9445778482664,2289.5572527892487
8,2029.4266869609335,1709.8387551200938,1999.2754904455724
9,2283.10502283105,1527.764418071429,1771.7787129875273
10,2536.783358701167,1382.0481408316239,1588.9306757478103
11,2790.4616945712837,1262.714994804311,1438.981793431019
12,3044.1400304414,1163.1294940597577,1313.964209588217
13,3297.818366311517,1078.7116192592607,1208.2731606555612
14,3551.4967021816337,6900.960359286776,1117.8474756802684
15,3805.17503805175,1275.2846631643977,1039.6719618511281
16,4058.853373921867,815.3506091071814,971.4621577054792
17,4312.531709791983,768.1178231062788,911.4572820797067
18,4566.2100456621,726.1100737745637,858.2800028422691
19,4819.888381532217,688.5020051106629,810.8389409398059
20,5073.566717402334,654.6334291253102,768.2593507084177
21,5327.245053272451,623.9699288937808,729.8328751881818
22,5580.923389142567,596.0742574678022,694.9805151547988
23,5834.601725012683,570.5852216635074,663.2249364778869
24,6088.2800608828,547.2018536358906,634.1694932276534
25,6341.958396752917,525.6713823703448,607.4821550359745
26,6595.636732623034,505.77997858711285,582.8830646440236
27,6849.315068493151,487.34555268438817,560.134815131988
28,7102.9934043632675,470.2120922192173,539.034786860501
29,7356.671740233383,454.2451676062375,519.4090596672468
30,7610.3500761035,439.3283339571431,501.1075406443238
31,7864.028411973617,425.36022726971044,484.00003771107015
32,8117.706747843734,412.25220360450874,467.97307472226686
33,8371.38508371385,399.9264065341137,452.9272921302353
34,8625.063419583967,388.3141750732679,438.775313140062
35,8878.741755454084,377.3547242985221,425.4399822601344
36,9132.4200913242,366.99404586773454,412.852903558377
37,9386.098427194318,357.1839870096103,400.9532214989577
38,9639.776763064434,347.881475228897,389.6865991879525
39,9893.45509893455,339.04786265325845,379.0043581015989
40,10147.133434804668,330.64836913315116,368.86275056278487
41,10400.811770674783,322.651607257401,359.22234186251194
42,10654.490106544901,315.0291756367077,350.04748335623805
43,10908.168442415017,307.7553093337999,341.30586137353544
44,11161.846778285135,300.8065783303375,332.9681095715486
45,11415.52511415525,294.16162653509855,325.0074745952681
46,11669.203450025367,287.80094513756006,317.39952670149444
47,11922.881785895484,281.7066751625628,310.1219084511445
48,12176.5601217656,275.8624349405038,303.15411574864
49,12430.238457635718,270.25316890454417,296.4773064627783
50,12683.916793505834,264.8650147051401,290.0741326445291
51,12937.595129375952,259.6851861018297,283.9285929994086
52,13191.273465246068,254.70186948887934,278.02590279999606
53,13444.951801116184,249.90413223247216,272.35237886032854
54,13698.630136986301,245.2818412730373,266.8953375588778
55,13952.308472856417,240.8255906694734,261.64300419590325
56,14205.986808726535,236.52663695603619,256.5844322256575
57,14459.66514459665,232.3768413402518,251.7094311142801
58,14713.343480466767,228.36861790717117,247.00850175182862
59,14967.021816336885,224.4948871089658,242.47277849810752
60,15220.700152207,220.7490339176432,238.09397706725443
61,15474.378488077118,217.12487009825722,233.86434756456325
62,15728.056823947234,213.61660013566697,229.7766320804986
63,15981.735159817352,210.21879040262644,225.8240263243916
64,16235.413495687468,206.92634121386078,222.0001448473316
65,16489.091831557584,203.7344614514111,218.29898946115514
66,16742.7701674277,200.63864548892013,214.7149205086805
67,16996.44850329782,197.63465217073727,211.24263068431068
68,17250.126839167933,194.71848563634717,207.87712113824568
69,17503.80517503805,191.8863777996452,204.61367963179114
70,17757.48351090817,189.13477231932575,201.44786053657563
71,18011.161846778283,186.4603099118853,198.37546649525922
72,18264.8401826484,183.85981487724422,195.39253158223366
73,18518.51851851852,181.3302827210514,192.49530582010297
74,18772.196854388636,178.8688687691889,189.68024092443233
75,19025.87519025875,176.4728776836962,186.94397716255762
76,19279.553526128868,174.13975379586364,184.2833312247322
77,19533.231861998986,171.86707218351404,181.69528501630293
78,19786.9101978691,169.65253042572624,179.17697528948946
79,20040.588533739217,167.49394097552639,176.72568404133852
80,20294.266869609335,165.38922409693743,174.3388296118256
81,20547.945205479453,163.33640131723016,172.0139584226755
82,20801.623541349567,161.33358935246395,169.74873730353633
83,21055.301877219685,159.37899446478477,167.54094635679166
84,21308.980213089802,157.47090721751593,165.38847231726763
85,21562.658548959917,155.60769759426825,163.28930236716815
86,21816.336884830034,153.78781045427402,161.24151836999718
87,22070.015220700152,152.00976129525014,159.24329149080822
88,22323.69355657027,150.27213230205814,157.2928771730088
89,22577.371892440384,148.57356865645414,155.3886104442337
90,22831.0502283105,146.91277508994267,153.52890152692194
91,23084.72856418062,145.28851265968297,151.71223173017862
92,23338.406900050733,143.69959573184656,149.93714960334947
93,23592.08523592085,142.1448891567707,148.20226733083237
94,23845.76357179097,140.62330562103142,146.50625735211278
95,24099.441907661087,139.13380316461195,144.84784918990454
96,24353.1202435312,137.67538285098334,143.22582647253296
97,24606.79857940132,136.24708657863474,141.63902413652846
98,24860.476915271436,134.8479950251334,140.0863257969953
99,25114.15525114155,133.47722571358048,138.56666127488808
100,25367.833587011668,132.1339311930615,137.07900426950545
101,25621.511922881786,130.81729732652624,135.62237016775538
102,25875.190258751903,129.5265416769529,134.19581397973613
103,26128.868594622018,128.26091198665077,132.79842839377392
104,26382.546930492135,127.01968474271621,131.42934194170306
105,26636.225266362253,125.80216382389571,130.0877172685105
106,26889.903602232367,124.60767922228209,128.7727494985783
107,27143.581938102485,123.4355858359578,127.48366469345628
108,27397.260273972603,122.28526232799325,126.21971839417735
109,27650.938609842717,121.15611004716996,124.98019424427247
110,27904.616945712834,120.0475520067707,123.76440268695653
111,28158.295281582952,118.959031918049,122.57167973321383
112,28411.97361745307,117.89001327457218,121.40138579565604
113,28665.651953323184,116.83997848470696,120.25290458447472
114,28919.3302891933,115.80842804908542,119.1256420617887
115,29173.00862506342,114.79487978094767,118.01902545066913
116,29426.686960933534,113.79886806496852,116.93250229600343
117,29680.36529680365,112.81994315555949,115.86553957350976
118,29934.04363267377,111.85767050881414,114.8176228449872
119,30187.721968543887,110.91163014849803,113.78825545614866
120,30441.400304414,109.98141606352675,112.77695777540178
121,30695.07864028412,109.06663563431306,111.78326647056905
122,30948.756976154236,108.16690908754813,110.80673382204662
123,31202.43531202435,107.28186897748257,109.84692706977906
124,31456.113647894468,106.41115969111779,108.90342779229768
125,31709.791983764586,105.55443697819334,107.97583131648291
126,31963.470319634704,104.7113675019865,107.06374615553442
127,32217.148655504818,103.88162841259611,106.16679347446014
128,32470.826991374935,103.06490693832424,105.28460658085017
129,32724.505327245053,102.26089999763934,104.41683044000494
130,32978.18366311517,101.46931382756983,103.56312121309604
131,33231.86199898529,100.68986362957527,102.72314581672501
132,33485.5403348554,99.92227323129143,101.89658150338954
133,33739.21867072552,99.16627476343186,101.08311546089175
134,33992.89700659564,98.42160835081327,100.28244443078331
135,34246.57534246575,97.68802181739716,99.49427434370743
136,34500.25367833587,96.96527040387937,98.7183199715753
137,34753.93201420599,96.25311649780383,97.95430459534853
138,35007.6103500761,95.55132937521321,97.20195968785896
139,35261.288685946216,94.85968495331021,96.4610246103312
140,35514.96702181634,94.17796555393403,95.73124632293177
141,35768.64535768645,93.50595967673772,95.01237910740022
142,36022.323693556566,92.84346178187906,94.30418430230185
143,36276.00202942669,92.19027208223805,93.60643004940005
144,36529.6803652968,91.5461963435313,92.91889105110444
145,36783.35870116692,90.91104569336102,92.24134833824752
146,37037.03703703704,90.28463643750901,91.5735890478593
147,37290.71537290715,89.6667898840706,90.91540621002832
148,37544.39370877727,89.05733217448712,90.26659854399192
149,37798.072044647386,88.45609412147756,89.62697026255638
150,38051.7503805175,87.86291105320375,88.99633088471553
151,38305.42871638762,87.27762266407939,88.37449505582953
152,38559.107052257736,86.70007287073264,87.76128237531385
153,38812.78538812785,86.13010967443559,87.15651723111853
154,39066.46372399797,85.56758502800841,86.56002864116242
155,39320.142059868085,85.01235470873038,85.97165010080674
156,39573.8203957382,84.46427819536953,85.3912194365546
157,39827.49873160832,83.92321855028979,84.81857866556702
158,40081.177067478435,83.38904230618675,84.253573860589
159,40334.855403348556,82.86161935655565,83.69605502020886
160,40588.53373921867,82.34082285078036,83.14587594416739
161,40842.212075088784,81.82652909283345,82.60289411325645
162,41095.890410958906,81.31861744385017,82.06697057425441
163,41349.56874682902,80.81697022818058,81.53796982865126
164,41603.247082699134,80.32147264311315,81.01575972613543
165,41856.925418569255,79.83201267133262,80.50021136161736
166,42110.60375443937,79.34848099744372,79.99119897639852
167,42364.28209030948,78.87077092645059,79.48859986286692
168,42617.960426179605,78.39877830599728,78.99229427266502
169,42871.63876204972,77.93240145089483,78.50216532827625
170,43125.31709791983,77.47154107050707,78.01809893785769
171,43378.995433789954,77.01610019850908,77.5399837130384
172,43632.67376966007,76.56598412545218,77.06771088966806
173,43886.35210553018,76.12110033312808,76.60117425154522
174,44140.030441400304,75.68135843182762,76.1402700566147
175,44393.70877727042,75.24667009909025,75.68489696594267
176,44647.38711314054,74.81694902127353,75.23495597505394
177,44901.06544901065,74.39211083633883,74.79035034771691
178,45154.74378488077,73.97207307913189,74.35098555197004
179,45408.42212075089,73.55675512838042,73.91676919837943
180,45662.100456621,73.14607815529963,73.48761098038624
181,45915.77879249112,72.73996507389475,73.06342261657547
182,46169.45712836124,72.33834049325327,72.64411779507265
183,46423.13546423135,71.94113067096096,72.22961211965233
184,46676.81380010147,71.54826346835824,71.8198230576205
185,46930.49213597159,71.15966830701485,71.41466988955455
186,47184.1704718417,70.77527612692299,71.014073660542
187,47437.848807711816,70.3950193455513,70.61795713310484
188,47691.52714358194,70.01883181885907,70.22624474157722
189,47945.20547945205,69.64664880283777,69.83886254799155
190,48198.88381532217,69.27840691688317,69.45573819941995
191,48452.56215119229,68.91404410784043,69.07680088649896
192,48706.2404870624,68.55349961568996,68.70198130347825
193,48959.91882293252,68.19671393969938,68.33121160943257
194,49213.59715880264,67.84362880609095,67.96442539055744
195,49467.27549467275,67.49418713649999,67.60155762391221
196,49720.95383054287,67.14833301760397,67.24254464199029
197,49974.63216641299,66.80601167122119,66.88732409853614
198,50228.3105022831,66.46716942590926,66.53583493547048
199,50481.98883815322,66.13175368896736,66.18801735050754
200,50735.667174023336,65.79971291957945,65.84381276615393
201,50989.34550989345,65.47099660240669,65.50316379939156
202,51243.02384576357,65.14555522252606,65.16601423214988
203,51496.702181633686,64.82334024040198,64.8323089830577
204,51750.38051750381,64.50430406828914,64.50199407954491
205,52004.05885337392,64.18840004675047,64.17501663116522
206,52257.737189244035,63.87558242236511,63.8513248033978
207,52511.41552511416,63.56580632559707,63.5308677923603
208,52765.09386098427,63.25902774975589,63.21359580024626
209,53018.772196854385,62.955203530104995,62.899460011399526
210,53272.450532724506,62.654291324103454,62.58841256908287
211,53526.12886859462,62.356249591671,62.280406552960265
212,53779.807204464734,62.061037576439496,61.975395957154376
213,54033.485540334856,61.76861528720398,61.67333566889154
214,54287.16387620497,61.47894348023158,61.37418144787863
215,54540.842212075084,61.19198364164445,61.07788990603803
216,54794.520547945205,60.90769797078742,60.78441848800509
217,55048.19888381532,60.626049363606484,60.493725452003474
218,55301.87721968543,60.34700139669208,60.20576985137753
219,55555.555555555555,60.0705183119572,59.92051151646181
220,55809.23389142567,59.79656500113121,59.63791103708778
221,56062.91222729579,59.52510699155759,59.35792974551374
222,56316.590563165904,59.256110431413646,59.0805296997221
223,56570.26889903602,58.98954207614237,58.80567366732029
224,56823.94723490614,58.72536927468303,58.53332510968923
225,57077.625570776254,58.46355995652593,58.26344816672781
226,57331.30390664637,58.20408261851998,57.99600764182423
227,57584.98224251649,57.9469063128723,57.730968987335906
228,57838.6605783866,57.69200063448633,57.468298290413
229,58092.33891425672,57.43933570948204,57.207962259148744
230,58346.01725012684,57.188882183481205,56.94992820909813
231,58599.69558599695,56.94061121042958,56.69416405029848
232,58853.37392186707,56.69449444162419,56.44063827422448
233,59107.05225773719,56.450504015130136,56.18931994156357
234,59360.7305936073,56.208612545252656,55.94017866993312
235,59614.408929477424,55.96879311258852,55.69318462204698
236,59868.08726534754,55.73101925396481,55.44830849417573
237,60121.76560121765,55.495264953062645,55.205521504897064
238,60375.44393708777,55.261504630759696,54.964795384043676
239,60629.12227295789,55.02971313628306,54.726102362030446
240,60882.800608828,54.799865738023136,54.489415159379305
241,61136.47894469812,54.571938115131644,54.25470697651326
242,61390.15728056824,54.34590634875026,54.02195148380395
243,61643.83561643835,54.12174691402753,53.79112281180986
244,61897.51395230847,53.899436671843205,53.562195541870416
245,62151.19228817859,53.67895286109223,53.335144696782905
246,62404.8706240487,53.46027309085689,53.10994573177749
247,62658.54895991882,53.2433753332317,52.886574525716405
248,62912.227295788936,53.02823791557955,52.66500737242949
249,63165.90563165906,52.81483951378678,52.44522097236189
250,63419.58396752917,52.60315914500535,52.227192424309926
251,63673.262303399286,52.393176161166735,52.010899217417105
252,63926.94063926941,52.184870242052334,51.79631922332463
253,64180.61897513952,51.97822138913557,51.58343068852518
254,64434.297311009635,51.7732099189071,51.37221222687331
255,64687.97564687976,51.5698164570684,51.16264281228347
256,64941.65398274987,51.36802193213205,50.9547017715686
257,65195.332318619985,51.16780756991859,50.748368777507984
258,65449.01065449011,50.96915488746641,50.54362384195242
259,65702.68899036023,50.77204568769506,50.340447309218206
260,65956.36732623033,50.576462053681254,50.138819849566126
261,66210.04566210046,50.3823863435,49.938722452774414
262,66463.72399797058,50.18980118479638,49.74013642198728
263,66717.40233384068,49.99868946990871,49.54304336756714
264,66971.0806697108,49.809034350567075,49.34742520118202
265,67224.75900558093,49.62081923324871,49.15326412993753
266,67478.43734145103,49.4340277742778,48.960542650721045
267,67732.11567732116,49.24864387521948,48.76924354464263
268,67985.79401319128,49.06465167821126,48.57934987149838
269,68239.47234906138,48.882035561632236,48.39084496459144
270,68493.1506849315,48.700780135589184,48.20371242537416
271,68746.82902080163,48.520870237814925,48.017936118443025
272,69000.50735667173,48.34229092931412,47.83350016649105
273,69254.18569254185,48.16502749041935,47.650388945476664
274,69507.86402841198,47.98906541665606,47.468587079809986
275,69761.54236428208,47.81439041506388,47.28807943770398
276,70015.2207001522,47.640988400034956,47.1088511265368
277,70268.89903602233,47.468845489929436,46.93088748848705
278,70522.57737189243,47.29794800314806,46.75417409604072
279,70776.25570776255,47.1282824546995,46.578696747746484
280,71029.93404363267,46.95983555259023,46.40444146403493
281,71283.61237950278,46.792594194502385,46.23139448309378
282,71537.2907153729,46.62654546432932,46.05954225677305
283,71790.96905124302,46.46167662898283,45.888871446783
284,72044.64738711313,46.2979751351469,45.719368920711766
285,72298.32572298325,46.1354286059996,45.55102174828138
286,72552.00405885337,45.97402483835872,45.38381719770258
287,72805.6823947235,45.81375179952194,45.21774273193475
288,73059.3607305936,45.65459762428179,45.05278600527069
289,73313.03906646372,45.49655061212815,44.88893485973716
290,73566.71740233384,45.339599224327394,44.72617732178429
291,73820.39573820395,45.18373208120291,44.56450159887372
292,74074.07407407407,45.02893795942858,44.40389607628048
293,74327.7524099442,44.87520578918778,44.244349313820514
294,74581.4307458143,44.722524651864596,44.08585004275197
295,74835.10908168442,44.570883777214114,43.92838716272455
296,75088.78741755454,44.42027254101154,43.77194973869382
297,75342.46575342465,44.270680462529334,43.616526998065545
298,75596.14408929477,44.12209720216749,43.46210832770507
299,75849.8224251649,43.97451255903351,43.308683271170416
300,76103.500761035,43.82791646872454,43.15624152592482
301,76357.17909690512,43.68229900096262,43.00477294057945
302,76610.85743277524,43.537650357463356,42.85426751225256
303,76864.53576864535,43.3939608696821,42.70471538397236
304,77118.21410451547,43.25122099677116,42.55610684205524
305,77371.89244038559,43.1094213233598,42.40843231364018
306,77625.5707762557,42.96855255764889,42.26168236422733
307,77879.24911212582,42.82860552924412,42.11584769521116
308,78132.92744799594,42.68957118738364,41.97091914157153
309,78386.60578386605,42.55144059872457,41.82688766951842
310,78640.28411973617,42.41420494580209,41.683744374211265
311,78893.96245560629,42.277855524813205,41.541480477562565
312,79147.6407914764,42.14238374409414,41.40008732597312
313,79401.31912734652,42.00778112204749,41.259556388306606
314,79654.99746321664,41.87403928566581,41.1198792536337
315,79908.67579908675,41.741149968598585,40.98104762930505
316,80162.35413495687,41.609105009567884,40.843053338817725
317,80416.03247082699,41.47789635068624,40.70588831992019
318,80669.71080669711,41.347516035806734,40.569544622582455
319,80923.38914256722,41.21795620900225,40.43401440713331
320,81177.06747843734,41.08920911290532,40.29928994239024
321,81430.74581430746,40.96126708722152,40.165363603795235
322,81684.42415017757,40.83412256722392,40.03222787158527
323,81938.10248604769,40.70776808221109,39.89987532911016
324,82191.78082191781,40.5821962542224,39.76829866101406
325,82445.45915778792,40.45739979636239,39.637490651551346
326,82699.13749365804,40.333371511665156,39.50744418294741
327,82952.81582952816,40.21010429144657,39.378152233714275
328,83206.49416539827,40.08759111425165,39.24960787706933
329,83460.17250126839,39.96582504426099,39.12180427932556
330,83713.85083713851,39.84479923016728,38.99473469841155
331,83967.52917300862,39.72450690382953,38.86839248225818
332,84221.20750887874,39.60494137902716,38.742771067366746
333,84474.88584474886,39.486096050189246,38.617863977331815
334,84728.56418061897,39.367964391335676,38.493664821390496
335,84982.24251648909,39.25053995464272,38.37016729302786
336,85235.92085235921,39.13381636953064,38.24736516857401
337,85489.59918822932,39.017787341313706,38.12525230587807
338,85743.27752409944,38.90244665028125,38.00382264292095
339,85996.95585996956,38.787788150292876,37.88307019656322
340,86250.63419583967,38.67380576809213,37.76298906120271
341,86504.31253170979,38.560493501841265,37.64357340757761
342,86757.99086757991,38.44784542037527,37.52481748146562
343,87011.66920345002,38.33585566195715,37.406715602488596
344,87265.34753932014,38.224518433469626,37.289262162950756
345,87519.02587519026,38.11382800919629,37.17245162659858
346,87772.70421106037,38.00377873006228,37.05627852756163
347,88026.38254693049,37.89436500250348,36.94073746911795
348,88280.06088280061,37.785581297618684,36.82582312266023
349,88533.73921867073,37.67742215022303,36.711530226583996
350,88787.41755454084,37.56988215790309,36.59785358520425
351,89041.09589041096,37.462955980198174,36.484788067730086
352,89294.77422628108,37.35663833759875,36.37232860719829
353,89548.45256215119,37.25092401080831,36.26047019950029
354,89802.1308980213,37.14580783982282,36.14920790234269
355,90055.80923389143,37.04128472308902,36.03853683432823
356,90309.48756976154,36.93734961669372,35.92845217391301
357,90563.16590563166,36.833997533617165,35.818949158559704
358,90816.84424150178,36.731223542806426,35.710023083721076
359,91070.52257737188,36.629022768535705,35.60166930201132
360,91324.200913242,36.527390389517706,35.493883222250616
361,91577.87924911213,36.42632163825807,35.386660308595246
362,91831.55758498223,36.325811800167685,35.27999607973453
363,92085.23592085236,36.225856213020464,35.17388610796491
364,92338.91425672248,36.12645026606868,35.06832601841441
365,92592.59259259258,36.027589399432784,34.963311488176195
366,92846.2709284627,35.92926910332344,34.85883824556818
367,93099.94926433283,35.83148491747565,34.75490206929367
368,93353.62760020293,35.73423243031942,34.65149878766751
369,93607.30593607305,35.6375072784926,34.54862427790461
370,93860.98427194318,35.54130514606567,34.44627446531718
371,94114.66260781328,35.44562176389594,34.3444453225838
372,94368.3409436834,35.35045290910506,34.243132869078025
373,94622.01927955353,35.255794404348705,34.142333170099015
374,94875.69761542363,35.16164211725872,34.042042336209775
375,95129.37595129375,35.067991959850346,33.942256522538194
376,95383.05428716388,34.974839887839174,33.84297192810651
377,95636.732623034,34.88218190026693,33.74418479517465
378,95890.4109589041,34.79001403864536,33.64589140857977
379,96144.08929477422,34.69833238663371,33.54808809510198
380,96397.76763064435,34.607133069391026,33.45077122284676
381,96651.44596651445,34.51641225303173,33.35393720060613
382,96905.12430238457,34.42616614403535,33.25758247728687
383,97158.8026382547,34.33639098880889,33.161703541258696
384,97412.4809741248,34.247083073121416,33.066296919815485
385,97666.15930999492,34.15823872163788,32.97135917860792
386,97919.83764586505,34.069854297321825,32.87688692103014
387,98173.51598173515,33.98192620102215,32.78287678768138
388,98427.19431760527,33.894450870910404,32.6893254558429
389,98680.8726534754,33.807424782115596,32.596229638923994
390,98934.5509893455,33.72084444613397,32.50358608592332
391,99188.22932521562,33.634706410409564,32.411391580909914
392,99441.90766108574,33.54900725786421,32.31964294254755
393,99695.58599695585,33.46374360651004,32.228337023544505
394,99949.26433282597,33.37891210887702,32.13747071017494
395,100202.9426686961,33.29450945166635,32.04704092182935
396,100456.6210045662,33.21053235529759,31.957044610482154
397,100710.29934043632,33.1269775734983,31.86747876024748
398,100963.97767630644,33.04384189282406,31.778340386947658
399,101217.65601217655,32.96112213235667,31.68962653757887
400,101471.33434804667,32.8788151431584,31.601334289978862
401,101725.0126839168,32.79691780798781,31.51346075228347
402,101978.6910197869,32.71542704084744,31.42600306254448
403,102232.36935565702,32.63433978661624,31.33895838831319
404,102486.04769152714,32.55365302062959,31.252323926185383
405,102739.72602739725,32.47336374837519,31.16609690145504
406,102993.40436326737,32.39346900504425,31.080274567637144
407,103247.08269913749,32.31396585519862,30.99485420610739
408,103500.76103500761,32.234851392429235,30.90983312573019
409,103754.43937087772,32.156122738950785,30.82520866244825
410,104008.11770674784,32.077777045313695,30.740978178893023
411,104261.79604261796,31.999811490016796,30.657139064060587
412,104515.47437848807,31.922223279137924,30.573688732906188
413,104769.15271435819,31.845009646096408,30.490624625994503
414,105022.83105022831,31.768167851254223,30.407944209155936
415,105276.50938609842,31.691695181556156,30.32564497313123
416,105530.18772196854,31.61558895027721,30.24372443324145
417,105783.86605783866,31.53984649671672,30.162180129020438
418,106037.54439370877,31.464465185792942,30.0810096239319
419,106291.22272957889,31.389442407818613,30.00021050500775
420,106544.90106544901,31.314775578184,29.91978038253538
421,106798.57940131912,31.240462137018685,29.839716889757725
422,107052.25773718924,31.166499549014112,29.760017682538813
423,107305.93607305936,31.092885302900495,29.68068043908074
424,107559.61440892947,31.019616911436728,29.601702859637363
425,107813.29274479959,30.946691910923835,29.523082666152245
426,108066.97108066971,30.874107861033274,29.44481760206082
427,108320.64941653982,30.801862344503437,29.366905431927787
428,108574.32775240994,30.729952966848153,29.289343941214455
429,108828.00608828006,30.658377356122298,29.21213093599191
430,109081.68442415017,30.587133162641628,29.135264242631987
431,109335.36276002029,30.5162180587024,29.058741707605115
432,109589.04109589041,30.445629738431954,28.98256119717413
433,109842.71943176052,30.375365917337167,28.906720597115005
434,110096.39776763064,30.305424332296788,28.831217812536956
435,110350.07610350076,30.235802741085536,28.7560507675492
436,110603.75443937087,30.166498922327243,28.681217405062757
437,110857.43277524099,30.097510675100168,28.606715686537612
438,111111.11111111111,30.028835818864035,28.53254359173736
439,111364.78944698123,29.960472193027545,28.45869911849499
440,111618.46778285134,29.892417656905675,28.38518028247895
441,111872.14611872146,29.824670089381335,28.31198511697301
442,112125.82445459158,29.75722738876027,28.239111672668372
443,112379.50279046169,29.690087472445104,28.166558017377483
444,112633.18112633181,29.62324827683997,28.0943222359148
445,112886.85946220193,29.556707757060153,28.022402429761602
446,113140.53779807204,29.49046388674263,27.950796717001342
447,113394.21613394216,29.424514657843172,27.879503231981296
448,113647.89446981228,29.35885808042676,27.808520125171214
449,113901.57280568239,29.293492182417243,27.737845562960256
450,114155.25114155251,29.228415009498274,27.667477727433713
451,114408.92947742263,29.16362462488138,27.597414816230508
452,114662.60781329274,29.09911910904004,27.527655042271636
453,114916.28614916286,29.03489655961303,27.45819663363997
454,115169.96448503298,28.97095509111754,27.389037833361126
455,115423.64282090309,28.90729283485991,27.320176899253998
456,115677.3211567732,28.84390793871964,27.251612103673118
457,115930.99949264333,28.78079856690372,27.183341733445125
458,116184.67782851344,28.717962899882306,27.11536408958603
459,116438.35616438356,28.655399134103416,27.047677487185457
460,116692.03450025368,28.593105481901073,26.980280255247294
461,116945.71283612378,28.53108017122499,26.913170736469617
462,117199.3911719939,28.46932144561075,26.846347287142112
463,117453.06950786403,28.40782756387509,26.77980827694214
464,117706.74784373413,28.34659680005164,26.713552088786233
465,117960.42617960426,28.285627443110016,26.647577118675994
466,118214.10451547438,28.224917796939376,26.581881775541046
467,118467.7828513445,28.16446618006443,26.51646448109475
468,118721.4611872146,28.104270925611797,26.451323669664102
469,118975.13952308473,28.04433038096665,26.386457788069908
470,119228.81785895485,27.98464290783595,26.32186529545949
471,119482.49619482495,27.92520688197319,26.257544663159603
472,119736.17453069508,27.866020693006977,26.193494374566427
473,119989.8528665652,27.80708274436955,26.129712924962536
474,120243.5312024353,27.748391453137337,26.066198821421334
475,120497.20953830543,27.689945249814105,26.002950582644818
476,120750.88787417555,27.6317425783012,25.93996673883831
477,121004.56621004565,27.573781895646906,25.877245831579515
478,121258.24454591578,27.516061672003524,25.814786413696236
479,121511.9228817859,27.458580390394886,25.752587049116055
480,121765.601217656,27.401336546702,25.69064631278036
481,122019.27955352612,27.344328649383836,25.62896279048497
482,122272.95788939625,27.287555219474022,25.567535078758947
483,122526.63622526635,27.231014790367624,25.50636178479084
484,122780.31456113647,27.174705907771965,25.445441526237136
485,123033.9928970066,27.118627129428297,25.384772931179445
486,123287.6712328767,27.062777025220214,25.32435463794606
487,123541.34956874682,27.007154176821018,25.264185295038626
488,123795.02790461695,26.95175717768065,25.204263561035425
489,124048.70624048705,26.8965846329305,25.144588104403308
490,124302.38457635717,26.841635159180406,25.08515760349627
491,124556.0629122273,26.78690738450578,25.02597074635376
492,124809.7412480974,26.732399948225,24.967026230656497
493,125063.41958396752,26.678111500791285,24.908322763606606
494,125317.09791983764,26.6240407038233,24.849859061795854
495,125570.77625570775,26.570186229817843,24.791633851163997
496,125824.45459157787,26.516546762086044,24.733645866838156
497,126078.132927448,26.463120994762427,24.675893853071354
498,126331.81126331812,26.409907632478475,24.618376563153465
499,126585.48959918822,26.356905390476744,24.56109275925862
500,126839.16793505834,26.30411299432676,24.504041212439777
501,127092.84627092846,26.251529179969047,24.44722070246062
502,127346.52460679857,26.199152693540753,24.390630017719463
503,127600.2029426687,26.146982291190202,24.334267955213974
504,127853.88127853881,26.095016739145297,24.278133320385763
505,128107.55961440892,26.0432548135077,24.222224927039868
506,128361.23795027904,25.991695300135017,24.166541597315103
507,128614.91628614916,25.94033699465826,24.111082161527044
508,128868.59462201927,25.889178702278414,24.055845458139295
509,129122.27295788939,25.838219237690783,24.00083033365541
510,129375.95129375951,25.787457425009247,23.946035642517092
511,129629.62962962962,25.73689209769327,23.89146024708548
512,129883.30796549974,25.68652209839434,23.837103017486655
513,130136.98630136986,25.636346278962826,23.782962831616327
514,130390.66463723997,25.58636350026446,23.729038574960562
515,130644.34297311009,25.536572632098412,23.675329140619862
516,130898.02130898021,25.486972553198687,23.621833429175467
517,131151.69964485033,25.43756215103778,23.568550348618192
518,131405.37798072046,25.388340321844314,23.51547881431352
519,131659.05631659055,25.339305970369157,23.462617748874248
520,131912.73465246067,25.290458010032403,23.409966082138833
521,132166.4129883308,25.24179536258873,23.35752275108172
522,132420.0913242009,25.19331695823983,23.305286699716202
523,132673.76966007103,25.14502173544283,23.253256879089268
524,132927.44799594115,25.096908640837857,23.201432247155015
525,133181.12633181125,25.04897662929591,23.149811768734285
526,133434.80466768137,25.001224663618252,23.098394415457538
527,133688.4830035515,24.95365171466536,23.047179165668766
528,133942.1613394216,24.906256761165153,22.996165004401423
529,134195.83967529173,24.859038789705206,22.94535092328144
530,134449.51801116185,24.81199679457675,22.894735920475295
531,134703.19634703195,24.765129777766266,22.844319000662903
532,134956.87468290207,24.718436748863443,22.79409917490725
533,135210.5530187722,24.671916725056768,22.74407546064844
534,135464.2313546423,24.625568730858383,22.694246881646155
535,135717.90969051243,24.579391798316056,22.644612467880393
536,135971.58802638255,24.53338496667362,22.595171255530133
537,136225.26636225265,24.487547282533917,22.545922286910475
538,136478.94469812277,24.441877799621736,22.49686461039766
539,136732.6230339929,24.39637557881021,22.44799728040535
540,136986.301369863,24.351039687987225,22.39931935729322
541,137239.97970573313,24.30586920207079,22.350829907344004
542,137493.65804160325,24.26086320285586,22.30252800269096
543,137747.33637747337,24.21602077902469,22.25441272129073
544,138001.01471334347,24.171341026056144,22.20648314682351
545,138254.6930492136,24.126823046146875,22.158738368692042
546,138508.3713850837,24.08246594816223,22.111177481953195
547,138762.04972095383,24.038268847555972,22.063799587253747
548,139015.72805682395,23.994230866350797,22.016603790791063
549,139269.40639269407,23.950351133056234,21.96958920428304
550,139523.08472856416,23.906628782582867,21.92275494489113
551,139776.7630644343,23.863062956249944,21.876100135184206
552,140030.4414003044,23.81965280160565,21.829623903088233
553,140284.11973617453,23.776397472558777,21.783325381865293
554,140537.79807204465,23.73329612914012,21.737203710016793
555,140791.47640791477,23.690347937527854,21.691258031293113
556,141045.15474378486,23.64755206997842,21.6454874946064
557,141298.83307965499,23.604907704789884,21.599891254023472
558,141552.5114155251,23.56241402624069,21.55446846866983
559,141806.18975139523,23.520070224489725,21.509218302754316
560,142059.86808726535,23.477875495596948,21.464139925485913
561,142313.54642313547,23.43582904142963,21.41923251100923
562,142567.22475900556,23.39393006959766,21.374495238421133
563,142820.90309487568,23.35217779341286,21.329927291691178
564,143074.5814307458,23.310571431882078,21.285527859638524
565,143328.25976661593,23.269110209578272,21.24129613584523
566,143581.93810248605,23.227793356671324,21.19723131871425
567,143835.61643835617,23.186620108774743,21.153332611327837
568,144089.29477422626,23.14558970702981,21.109599221458947
569,144342.97311009638,23.104701397936278,21.0660303615362
570,144596.6514459665,23.063954433400134,21.022625248603013
571,144850.32978183663,23.023348070600562,20.97938310423384
572,145104.00811770675,22.982881571988255,20.936303154589318
573,145357.68645357687,22.94255420524872,20.893384630300783
574,145611.364789447,22.902365243245253,20.85062676644894
575,145865.04312531708,22.86231396395468,20.8080288025688
576,146118.7214611872,22.822399650447426,20.765589982554932
577,146372.39979705733,22.782621590842506,20.723309554693742
578,146626.07813292745,22.742979078218415,20.68118677156755
579,146879.75646879757,22.703471410638656,20.639220890034363
580,147133.4348046677,22.664097891055714,20.597411171252137
581,147387.11314053778,22.62485782731722,20.55575688054625
582,147640.7914764079,22.585750532065735,20.514257287469817
583,147894.46981227802,22.54677532271004,20.472911665717216
584,148148.14814814815,22.50793152144527,20.431719293096606
585,148401.82648401827,22.46921845513273,20.39067945152188
586,148655.5048198884,22.430635455291124,20.349791426960238
587,148909.18315575848,22.392181858077517,20.309054509401424
588,149162.8614916286,22.35385700421359,20.268467992860465
589,149416.53982749872,22.315660238952532,20.228031175289658
590,149670.21816336885,22.277590912079592,20.187743358590684
591,149923.89649923897,22.239648377819133,20.14760384857127
592,150177.5748351091,22.201831994796578,20.107611954929304
593,150431.25317097918,22.16414112604078,20.06776699120446
594,150684.9315068493,22.12657513896212,20.02806827475229
595,150938.60984271942,22.089133405232676,19.9885151267237
596,151192.28817858954,22.051815300805384,19.949106872051473
597,151445.96651445967,22.014620205904418,19.909842839366583
598,151699.6448503298,21.977547504953243,19.87072236106682
599,151953.32318619988,21.940596586495435,19.831744773161102
600,152207.00152207,21.90376684323421,19.792909415379782
601,152460.67985794012,21.86705767197738,19.754215631048545
602,152714.35819381024,21.830468473608803,19.71566276708412
603,152968.03652968036,21.79399865299758,19.677250174015057
604,153221.7148655505,21.757647619049003,19.638977205892154
605,153475.3932014206,21.721414784569006,19.600843220296543
606,153729.0715372907,21.68529956637089,19.562847578316436
607,153982.74987316082,21.649301385121227,19.524989644500195
608,154236.42820903094,21.613419665340874,19.4872687868768
609,154490.10654490106,21.577653835391956,19.449684376856435
610,154743.78488077119,21.542003327428546,19.41223578928107
611,154997.4632166413,21.506467577364305,19.374922402358898
612,155251.1415525114,21.471046024885943,19.337743597659728
613,155504.81988838152,21.43573811336484,19.30069876008085
614,155758.49822425164,21.400543289823684,19.263787277806575
615,156012.17656012176,21.365461004943086,19.227008542329603
616,156265.85489599188,21.330490713033164,19.190361948395555
617,156519.533231862,21.295631871974734,19.15384689397861
618,156773.2115677321,21.260883943193047,19.117462780287582
619,157026.88990360222,21.22624639167221,19.081209011710758
620,157280.56823947234,21.19171868584641,19.04508499579535
621,157534.24657534246,21.15730029767344,19.009090143274253
622,157787.92491121258,21.12299070247375,18.97322386797308
623,158041.6032470827,21.08878937908413,18.937485586853388
624,158295.2815829528,21.054695809605114,18.901874719939887
625,158548.95991882292,21.020709479596633,18.866390690326337
626,158802.63825469304,20.98682987789092,18.8310329241786
627,159056.31659056316,20.953056496636858,18.795800850637217
628,159309.99492643328,20.91938883126241,18.760693901892793
629,159563.6732623034,20.885826380441948,18.725711513098506
630,159817.3515981735,20.85236864608939,18.690853122361194
631,160071.02993404362,20.81901513326258,18.656118170752226
632,160324.70826991374,20.78576535026224,18.621506102270438
633,160578.38660578386,20.75261880848013,18.587016363790546
634,160832.06494165398,20.719575022458073,18.55264840510721
635,161085.7432775241,20.686633509843965,18.518401678865022
636,161339.42161339422,20.65379379127594,18.484275640545377
637,161593.09994926432,20.62105539055715,18.450269748491746
638,161846.77828513444,20.588417834448062,18.416383463836844
639,162100.45662100456,20.555880652702307,18.38261625051249
640,162354.13495687468,20.52344337805995,18.348967575212136
641,162607.8132927448,20.491105546211273,18.31543690740909
642,162861.49162861492,20.458866695791517,18.282023719316168
643,163115.16996448502,20.426726368288094,18.24872748583331
644,163368.84830035514,20.394684108145093,18.215547684608463
645,163622.52663622526,20.362739462618404,18.182483795950574
646,163876.20497209538,20.330891981782273,18.1495353028465
647,164129.8833079655,20.29914121858889,18.116701690936637
648,164383.56164383562,20.26748672872717,18.08398244849629
649,164637.23997970572,20.235928070644142,18.0513770664184
650,164890.91831557584,20.204464805593055,18.01888503820487
651,165144.59665144596,20.173096497521378,17.986505859938188
652,165398.27498731608,20.141822713100332,17.954239030277495
653,165651.9533231862,20.110643021645622,17.922084050431014
654,165905.63165905632,20.079556995161514,17.890040424143006
655,166159.3099949264,20.048564208316908,17.858107657694
656,166412.98833079654,20.017664238374795,17.826285259849826
657,166666.66666666666,19.98685666521521,17.79457274189947
658,166920.34500253678,19.956141071254212,17.76296961757506
659,167174.0233384069,19.925517041527126,17.73147540308327
660,167427.70167427702,19.894984163650456,17.700089617083158
661,167681.3800101471,19.864542027630684,17.668811780655865
662,167935.05834601723,19.83419022606332,17.637641417293587
663,168188.73668188736,19.803928354055863,17.60657805290947
664,168442.41501775748,19.77375600913459,17.575621215792932
665,168696.0933536276,19.743672791236996,17.544770436590962
666,168949.77168949772,19.713678302827866,17.514025248315445
667,169203.45002536784,19.68377214870594,17.483385186352784
668,169457.12836123793,19.65395393607269,17.452849788363295
669,169710.80669710806,19.624223274513362,17.422418594366274
670,169964.48503297818,19.594579775971134,17.392091146675813
671,170218.1633688483,19.565023054720086,17.361866989865916
672,170471.84170471842,19.535552727338924,17.33174567082072
673,170725.52004058854,19.506168412713876,17.30172673865532
674,170979.19837645863,19.476869732055484,17.27180974475417
675,171232.87671232875,19.447656308807815,17.241994242728023
676,171486.55504819888,19.418527768644203,17.212279788391516
677,171740.233384069,19.389483739493375,17.182665939788905
678,171993.91171993912,19.360523851512657,17.15315225716097
679,172247.59005580924,19.331647737023598,17.123738302893486
680,172501.26839167933,19.302855030583576,17.094423641588612
681,172754.94672754945,19.274145368884028,17.065207839972203
682,173008.62506341957,19.245518390763237,17.03609046692486
683,173262.3033992897,19.21697373717346,17.007071093455664
684,173515.98173515982,19.188511051235924,16.978149292687053
685,173769.66007102994,19.160129978172026,16.949324639855565
686,174023.33840690003,19.131830165235368,16.920596712294348
687,174277.01674277015,19.103611261791997,16.891965089394354
688,174530.69507864027,19.075472919296033,16.863429352657885
689,174784.3734145104,19.047414791177843,16.83498908559935
690,175038.05175038052,19.019436532914504,16.80664387381192
691,175291.73008625064,18.991537802003702,16.778393304899055
692,175545.40842212073,18.963718257935806,16.750236968508293
693,175799.08675799085,18.935977562195887,16.722174456291047
694,176052.76509386097,18.908315378241742,16.694205361877287
695,176306.4434297311,18.88073137144268,16.666329280920277
696,176560.12176560122,18.85322520915266,16.63854581102297
697,176813.80010147134,18.82579656063507,16.61085455175841
698,177067.47843734146,18.798445097006084,16.58325510467545
699,177321.15677321155,18.77117049139401,16.555747073223333
700,177574.83510908167,18.743972418720823,16.52833006282323
701,177828.5134449518,18.71685055580511,16.5010036808117
702,178082.19178082192,18.689804581311428,16.473767536406786
703,178335.87011669204,18.66283417577604,16.446621240759598
704,178589.54845256216,18.635939021538256,16.419564406898466
705,178843.22678843225,18.60911880272732,16.392596649713326
706,179096.90512430237,18.582373205351857,16.365717586002223
707,179350.5834601725,18.555701917141615,16.338926834371634
708,179604.2617960426,18.529104627619933,16.312224015316175
709,179857.94013191274,18.502581028084993,16.285608751145773
710,180111.61846778286,18.47613081156655,16.25908066600497
711,180365.29680365295,18.449753672840462,16.23263938584965
712,180618.97513952307,18.423449308463045,16.206284538436428
713,180872.6534753932,18.39721741662729,16.180015753357296
714,181126.3318112633,18.3710576972624,16.153832661923218
715,181380.01014713343,18.34496985195126,16.127734897281282
716,181633.68848300356,18.318953584027412,16.10172209432806
717,181887.36681887365,18.293008598450676,16.07579388969496
718,182141.04515474377,18.267134601773364,16.049949921797587
719,182394.7234906139,18.24133130228257,16.024189830765817
720,182648.401826484,18.21559840988615,15.998513258454945
721,182902.08016235413,18.189935636079692,15.972919848473468
722,183155.75849822426,18.164342693923018,15.94740924608493
723,183409.43683409438,18.138819298171196,15.921981098308212
724,183663.11516996447,18.11336516512248,15.896635053826051
725,183916.7935058346,18.08798001257891,15.871370762987711
726,184170.4718417047,18.062663560050083,15.846187877862993
727,184424.15017757483,18.037415528463328,15.821086052142292
728,184677.82851344495,18.0122356403425,15.796064941178315
729,184931.50684931508,17.98712361975872,15.771124202001713
730,185185.18518518517,17.962079192268174,15.746263493232918
731,185438.8635210553,17.937102084930455,15.72148247516074
732,185692.5418569254,17.912192026361488,15.696780809675701
733,185946.22019279553,17.887348746615885,15.672158160274725
734,186199.89852866565,17.86257197723475,15.647614192073554
735,186453.57686453577,17.837861451222405,15.623148571759609
736,186707.25520040587,17.813216903053522,15.598760967639084
737,186960.933536276,17.788638068658255,15.574451049553849
738,187214.6118721461,17.764124685360112,15.550218488955712
739,187468.29020801623,17.739676491957145,15.526062958823436
740,187721.96854388635,17.71529322863969,15.501984133695787
741,187975.64687975647,17.690974637053106,15.477981689679568
742,188229.32521562657,17.66672046014611,15.454055304375318
743,188483.0035514967,17.64253044233473,15.430204656951698
744,188736.6818873668,17.618404329392575,15.406429428069849
745,188990.36022323693,17.594341868467758,15.382729299917258
746,189244.03855910705,17.57034280804673,15.35910395617598
747,189497.71689497717,17.54640689800251,15.335553082018972
748,189751.39523084727,17.522533889517785,15.3120763641273
749,190005.0735667174,17.4987235350958,15.288673490638628
750,190258.7519025875,17.474975588628872,15.26534415118293
751,190512.43023845763,17.451289805279504,15.242088036830673
752,190766.10857432775,17.4276659414972,15.218904840141073
753,191019.78691019787,17.40410375506091,15.195794255081559
754,191273.465246068,17.380603005035475,15.172755977106243
755,191527.1435819381,17.357163451762897,15.149789703071153
756,191780.8219178082,17.33378485681977,15.126895131258765
757,192034.50025367833,17.310466983110157,15.104071961404253
758,192288.17858954845,17.287209594746955,15.081319894604354
759,192541.85692541857,17.26401245707936,15.05863863340404
760,192795.5352612887,17.240875336752374,15.036027881731174
761,193049.21359715878,17.217798001579457,15.013487344881181
762,193302.8919330289,17.19478022062217,14.99101672956442
763,193556.57026889903,17.171821764142962,14.968615743858972
764,193810.24860476915,17.148922403614876,14.946284097199168
765,194063.92694063927,17.1260819117312,14.924021500384372
766,194317.6052765094,17.103300062317665,14.901827665578217
767,194571.28361237948,17.080576630418662,14.879702306287166
768,194824.9619482496,17.05791139226337,14.85764513734806
769,195078.64028411973,17.035304125235815,14.835655874949264
770,195332.31861998985,17.012754607852397,14.813734236594229
771,195585.99695585997,16.99026261979935,14.791879941101636
772,195839.6752917301,16.96782794187879,14.770092708613282
773,196093.35362760018,16.9454503560861,14.748372260591317
774,196347.0319634703,16.923129645515566,14.726718319750107
775,196600.71029934043,16.90086559434342,14.705130610164234
776,196854.38863521055,16.878657987914767,14.683608857122913
777,197108.06697108067,16.856506612635656,14.662152787257146
778,197361.7453069508,16.83441125604664,14.640762128440977
779,197615.42364282088,16.812371706752533,14.619436609807288
780,197869.101978691,16.790387754445057,14.59817596178061
781,198122.78031456113,16.768459189915657,14.576979916005135
782,198376.45865043125,16.74658580497757,14.555848205400851
783,198630.13698630137,16.72476739255884,14.534780564122487
784,198883.8153221715,16.703003746631712,14.513776727530448
785,199137.4936580416,16.681294662196276,14.492836432268248
786,199391.1719939117,16.659639935274843,14.471959416162882
787,199644.85032978182,16.638039363006847,14.451145418256347
788,199898.52866565195,16.616492743489175,14.43039417882255
789,200152.20700152207,16.594999875858214,14.409705439340224
790,200405.8853373922,16.57356056026569,14.389078942459332
791,200659.5636732623,16.55217459787422,14.368514432042856
792,200913.2420091324,16.530841790866347,14.348011653140142
793,201166.92034500252,16.50956194237717,14.327570351982047
794,201420.59868087264,16.48833485657071,14.307190275951074
795,201674.27701674277,16.46716033858078,14.286871173634145
796,201927.9553526129,16.44603819454669,14.26661279475783
797,202181.633688483,16.424968231515944,14.246414890193542
798,202435.3120243531,16.403950257551767,14.226277212008672
799,202688.99036022322,16.382984081667495,14.206199513362394
800,202942.66869609334,16.362069513768812,14.186181548588678
801,203196.34703196347,16.34120636484322,14.166223073149876
802,203450.0253678336,16.320394446683622,14.146323843616356
803,203703.7037037037,16.299633572081113,14.126483617720877
804,203957.3820395738,16.278923554746335,14.106702154258551
805,204211.06037544392,16.25826420929947,14.086979213188394
806,204464.73871131404,16.237655351308746,14.067314555550073
807,204718.41704718416,16.217096797233637,14.047707943473371
808,204972.0953830543,16.19658836441188,14.02815914020223
809,205225.7737189244,16.176129871141494,14.008667910072795
810,205479.4520547945,16.15572113655493,13.989234018486004
811,205733.13039066462,16.1353619807109,13.969857231927785
812,205986.80872653474,16.115052224539365,13.950537317974106
813,206240.48706240486,16.094791689833517,13.931274045249657
814,206494.16539827498,16.07458019928693,13.912067183439845
815,206747.8437341451,16.05441757646579,13.8929165033106
816,207001.52207001523,16.034303645711205,13.873821776656856
817,207255.20040588532,16.014238232351587,13.854782776323152
818,207508.87874175544,15.994221162469039,13.8357992762129
819,207762.55707762556,15.974252263028031,13.816871051253928
820,208016.23541349568,15.95433136182918,13.797997877394637
821,208269.9137493658,15.934458287508534,13.779179531641907
822,208523.59208523593,15.914632869498487,13.760415791974633
823,208777.27042110602,15.894854938121979,13.741706437449132
824,209030.94875697614,15.875124324471695,13.723051248086888
825,209284.62709284626,15.8554408604891,13.704450004923507
826,209538.30542871638,15.835804378861537,13.685902490022588
827,209791.9837645865,15.816214713150835,13.667408486400557
828,210045.66210045663,15.796671697691705,13.648967778113034
829,210299.34043632672,15.777175167591961,13.63058015016497
830,210553.01877219684,15.757724958808858,13.612245388559911
831,210806.69710806696,15.738320907989307,13.59396328027771
832,211060.37544393708,15.718962852683903,13.575733613279398
833,211314.0537798072,15.699650631091728,13.557556176457878
834,211567.73211567733,15.680384082280316,13.53943075971864
835,211821.41045154742,15.661163046028928,13.521357153896057
836,212075.08878741754,15.641987362880164,13.503335150770212
837,212328.76712328766,15.622856874193225,13.485364543098326
838,212582.44545915778,15.60377142197704,13.467445124562868
839,212836.1237950279,15.5847308490785,13.449576689787168
840,213089.80213089802,15.565734999058431,13.431759034324974
841,213343.48046676812,15.546783716203835,13.41399195468373
842,213597.15880263824,15.527876845522888,13.39627524827235
843,213850.83713850836,15.509014232773136,13.378608713423702
844,214104.51547437848,15.490195724512548,13.360992149402326
845,214358.1938102486,15.471421167855745,13.343425356374441
846,214611.87214611872,15.452690410740784,13.325908135411575
847,214865.55048198884,15.43400330182953,13.308440288500321
848,215119.22881785894,15.415359690488424,13.291021618511824
849,215372.90715372906,15.396759426673626,13.273651929231253
850,215626.58548959918,15.378202361258422,13.25633102531058
851,215880.2638254693,15.359688345601144,13.239058712308617
852,216133.94216133942,15.341217231814218,13.221834796662169
853,216387.62049720954,15.32278887276068,13.204659085666105
854,216641.29883307964,15.304403121931893,13.18753138751993
855,216894.97716894976,15.286059833528967,13.170451511273308
856,217148.65550481988,15.267758862410748,13.15341926683347
857,217402.33384069,15.249500064085682,13.136434464989376
858,217656.01217656012,15.231283294763315,13.119496917382753
859,217909.69051243024,15.213108411310753,13.102606436485187
860,218163.36884830034,15.194975271229495,13.085762835647396
861,218417.04718417046,15.176883732700528,13.068965929035015
862,218670.72552004058,15.15883365454193,13.052215531684746
863,218924.4038559107,15.140824896266528,13.035511459447143
864,219178.08219178082,15.12285731794898,13.01885352900715
865,219431.76052765094,15.104930780390099,13.002241557894001
866,219685.43886352103,15.087045144954946,12.985675364427681
867,219939.11719939116,15.069200273670294,12.969154767793512
868,220192.79553526128,15.051396029210531,12.952679587956977
869,220446.4738711314,15.033632274850465,12.936249645706747
870,220700.15220700152,15.015908874524984,12.919864762649503
871,220953.83054287164,14.998225692743102,12.90352476117489
872,221207.50887874173,14.98058259459127,12.887229464504761
873,221461.18721461185,14.96297944587701,12.870978696619789
874,221714.86555048198,14.94541611296033,12.854772282328746
875,221968.5438863521,14.927892462790217,12.838610047208622
876,222222.22222222222,14.910408362902027,12.822491817624865
877,222475.90055809234,14.8929636815132,12.806417420728216
878,222729.57889396246,14.875558287316021,12.79038668445166
879,222983.25722983255,14.858192049689578,12.774399437486428
880,223236.93556570268,14.840864838585542,12.758455509309092
881,223490.6139015728,14.823576524478236,12.742554730166963
882,223744.29223744292,14.806326978458278,12.726696931041571
883,223997.97057331304,14.78911607221426,12.710881943714972
884,224251.64890918316,14.771943678018106,12.695109600687237
885,224505.32724505325,14.754809668646645,12.679379735238022
886,224759.00558092337,14.73771391751533,12.663692181385116
887,225012.6839167935,14.720656298525206,12.648046773874098
888,225266.36225266362,14.703636686219104,12.632443348239915
889,225520.04058853374,14.686654955649047,12.616881740692119
890,225773.71892440386,14.6697109824506,12.601361788228962
891,226027.39726027395,14.652804642764929,12.585883328540541
892,226281.07559614407,14.635935813344762,12.570446200076969
893,226534.7539320142,14.61910437143106,12.555050241988477
894,226788.43226788432,14.602310194851302,12.539695294147446
895,227042.11060375444,14.585553161906999,12.524381197168431
896,227295.78893962456,14.568833151508144,12.509107792334598
897,227549.46727549465,14.552150043063003,12.493874921688377
898,227803.14561136477,14.535503716541012,12.47868242794758
899,228056.8239472349,14.518894052369868,12.463530154532192
900,228310.50228310502,14.502320931573337,12.448417945587057
901,228564.18061897514,14.485784235660013,12.43334564593732
902,228817.85895484526,14.469283846644025,12.418313101088547
903,229071.53729071535,14.452819647073257,12.403320157262222
904,229325.21562658547,14.4363915200422,12.388366661360434
905,229578.8939624556,14.419999349089814,12.373452460947044
906,229832.57229832571,14.403643018305873,12.3585774043018
907,230086.25063419584,14.387322412282002,12.343741340344245
908,230339.92897006596,14.371037416070049,12.328944118701079
909,230593.60730593608,14.354787915263243,12.314185589652554
910,230847.28564180617,14.33857379594292,12.299465604143364
911,231100.9639776763,14.322394944682536,12.284784013794509
912,231354.6423135464,14.30625124853834,12.270140670862036
913,231608.32064941654,14.290142595020875,12.255535428321158
914,231861.99898528666,14.274068872215743,12.240968139717673
915,232115.67732115678,14.258029968586895,12.226438659319326
916,232369.35565702687,14.24202577314422,12.211946842003547
917,232623.033992897,14.226056175351756,12.197492543308224
918,232876.7123287671,14.210121065187666,12.183075619417538
919,233130.39066463723,14.194220333006166,12.168695927135508
920,233384.06900050736,14.178353869729065,12.154353323927758
921,233637.74733637748,14.162521566701427,12.140047667881019
922,233891.42567224757,14.146723315704154,12.12577881770758
923,234145.1040081177,14.130959009042698,12.111546632758463
924,234398.7823439878,14.11522853946442,12.09735097300282
925,234652.46067985793,14.099531800120376,12.083191699029868
926,234906.13901572805,14.083868684679683,12.069068672057252
927,235159.81735159818,14.068239087237412,12.054981753907638
928,235413.49568746827,14.052642902317432,12.040930807016776
929,235667.1740233384,14.037080024916888,12.026915694442625
930,235920.8523592085,14.021550350453483,12.012936279830914
931,236174.53069507863,14.00605377483557,11.998992427455732
932,236428.20903094875,13.990590194374663,11.985084002173734
933,236681.88736681888,13.975159505811877,11.971210869440116
934,236935.565702689,13.959761606324017,11.957372895324053
935,237189.2440385591,13.944396393522464,11.94356994646285
936,237442.9223744292,13.929063765500585,11.92980189010579
937,237696.60071029933,13.91376362068819,11.916068594074446
938,237950.27904616945,13.898495858035124,11.902369926787816
939,238203.95738203957,13.883260376809492,11.888705757234398
940,238457.6357179097,13.868057076791255,11.875075954982089
941,238711.3140537798,13.852885858131081,11.861480390196956
942,238964.9923896499,13.83774662142337,11.847918933577821
943,239218.67072552003,13.822639267637678,11.83439145644225
944,239472.34906139015,13.807563698210373,11.82089783064827
945,239726.02739726027,13.7925198149461,11.807437928605665
946,239979.7057331304,13.777507520058883,11.794011623326439
947,240233.3840690005,13.762526716208711,11.780618788355154
948,240487.0624048706,13.747577306360949,11.767259297795757
949,240740.74074074073,13.732659194017263,11.753933026318954
950,240994.41907661085,13.71777228299196,11.740639849141896
951,241248.09741248097,13.702916477503404,11.727379642022798
952,241501.7757483511,13.68809168217068,11.71415228129021
953,241755.4540842212,13.673297802024715,11.700957643784982
954,242009.1324200913,13.658534742468758,11.687795606921187
955,242262.81075596143,13.64380240930603,11.674666048637038
956,242516.48909183155,13.62910070870993,11.661568847402027
957,242770.16742770167,13.614429547257599,11.648503882243403
958,243023.8457635718,13.599788831892612,11.635471032686063
959,243277.5240994419,13.585178469937949,11.622470178821384
960,243531.202435312,13.570598369128316,11.609501201242512
961,243784.88077118213,13.556048437508185,11.59656398107181
962,244038.55910705225,13.541528583576573,11.583658399961756
963,244292.23744292237,13.527038716163322,11.570784340080309
964,244545.9157787925,13.512578744440836,11.557941684114715
965,244799.5941146626,13.49814857800517,11.545130315255655
966,245053.2724505327,13.48374812678988,11.532350117218252
967,245306.95078640283,13.469377301114582,11.519600974234177
968,245560.62912227295,13.455036011656233,11.506882771020488
969,245814.30745814307,13.440724169371524,11.494195392819401
970,246067.9857940132,13.426441685737219,11.481538725371895
971,246321.6641298833,13.412188472472744,11.468912654906072
972,246575.3424657534,13.397964441651466,11.456317068168477
973,246829.02080162353,13.383769505760073,11.44375185239374
974,247082.69913749365,13.369603577596711,11.431216895299166
975,247336.37747336377,13.355466570308073,11.41871208510559
976,247590.0558092339,13.341358397412002,11.406237310525887
977,247843.734145104,13.327278972778743,11.393792460744624
978,248097.4124809741,13.313228210569857,11.381377425457563
979,248351.09081684423,13.29920602537097,11.368992094797658
980,248604.76915271435,13.285212332010724,11.356636359429137
981,248858.44748858447,13.271247045759688,11.34431011045652
982,249112.1258244546,13.257310082152465,11.332013239478915
983,249365.8041603247,13.243401357096005,11.319745638568541
984,249619.4824961948,13.22952078681508,11.307507200248397
985,249873.16083206492,13.215668287890056,11.29529781753474
986,250126.83916793505,13.201843777186195,11.283117383907653
987,250380.51750380517,13.188047171972356,11.270965793286974
988,250634.1958396753,13.17427838974905,11.25884294008674
989,250887.8741755454,13.160537348429703,11.246748719166533
990,251141.5525114155,13.146823966230997,11.234683025844285
991,251395.23084728562,13.133138161637161,11.222645755886374
992,251648.90918315575,13.119479853502009,11.210636805527267
993,251902.58751902587,13.105848961014923,11.198656071452442
994,252156.265854896,13.092245403662595,11.18670345078114
995,252409.9441907661,13.078669101249142,11.174778841093858
996,252663.62252663623,13.065119973841863,11.162882140419354
997,252917.30086250632,13.051597941911,11.151013247207128
998,253170.97919837644,13.038102926221402,11.139172060391774
999,253424.65753424657,13.02463484779159,11.127358479284446
1000,253678.3358701167,13.011193627989215,11.115572403693294
1001,253932.0142059868,12.997779188476775,11.103813733835786
1002,254185.69254185693,12.984391451204898,11.092082370349742
1003,254439.37087772702,12.971030338476634,11.080378214333734
1004,254693.04921359714,12.957695772881642,11.068701167284205
1005,254946.72754946726,12.944387677280691,11.057051131150839
1006,255200.4058853374,12.931105974878042,11.045428008301068
1007,255454.0842212075,12.917850589131401,11.033831701505571
1008,255707.76255707763,12.904621443812413,11.02226211398972
1009,255961.44089294772,12.891418463000562,11.010719149379328
1010,256215.11922881784,12.87824157105342,10.999202711703193
1011,256468.79756468796,12.865090692613542,10.987712705440739
1012,256722.47590055809,12.851965752667386,10.976249035455151
1013,256976.1542364282,12.83886667640801,10.96481160704318
1014,257229.83257229833,12.825793389388497,10.953400325884248
1015,257483.51090816842,12.812745817400106,10.942015098087545
1016,257737.18924403854,12.799723886547783,10.930655830171988
1017,257990.86757990866,12.786727523211624,10.919322429031295
1018,258244.54591577878,12.77375665404444,10.90801480199339
1019,258498.2242516489,12.760811205994855,10.896732856772
1020,258751.90258751903,12.747891106287053,10.885476501474455
1021,259005.58092338912,12.734996282417962,10.87424564461663
1022,259259.25925925924,12.722126662136931,10.863040195090704
1023,259512.93759512936,12.709282173568818,10.851860062211125
1024,259766.61593099948,12.696462744971019,10.840705155658481
1025,260020.2942668696,12.683668304954098,10.829575385503631
1026,260273.97260273973,12.67089878239644,10.818470662223714
1027,260527.65093860985,12.658154106460607,10.807390896657726
1028,260781.32927447994,12.645434206546062,10.796336000047283
1029,261035.00761035006,12.632739012311372,10.78530588400924
1030,261288.68594622018,12.620068453728786,10.774300460532436
1031,261542.3642820903,12.607422460977089,10.763319641999392
1032,261796.04261796043,12.59480096455903,10.752363341164846
1033,262049.72095383055,12.582203895192414,10.741431471146173
1034,262303.39928970067,12.569631183880762,10.73052394544681
1035,262557.07762557076,12.557082761873282,10.719640677951126
1036,262810.7559614409,12.544558560661873,10.70878158287937
1037,263064.434297311,12.532058512097361,10.69794657486104
1038,263318.1126331811,12.519582548124802,10.687135568860246
1039,263571.79096905125,12.507130601074694,10.676348480229368
1040,263825.46930492134,12.494702603471051,10.665585224661404
1041,264079.1476407915,12.48229848810283,10.65484571822797
1042,264332.8259766616,12.469918188033416,10.644129877358102
1043,264586.5043125317,12.4575616365091,10.633437618825134
1044,264840.1826484018,12.445228767113385,10.622768859787156
1045,265093.8609842719,12.432919513623728,10.612123517714366
1046,265347.53932014207,12.420633810076318,10.601501510480123
1047,265601.21765601216,12.408371590733486,10.590902756267193
1048,265854.8959918823,12.396132790155953,10.58032717363413
1049,266108.5743277524,12.383917343085043,10.569774681475748
1050,266362.2526636225,12.37172518454868,10.559245199030782
1051,266615.93099949264,12.359556249751035,10.548738645898991
1052,266869.60933536274,12.34741047428305,10.53825494201596
1053,267123.2876712329,12.335287793785495,10.527794007640855
1054,267376.966007103,12.32318814427349,10.517355763406819
1055,267630.64434297313,12.311111461890833,10.506940130257764
1056,267884.3226788432,12.299057683146414,10.496547029487894
1057,268138.0010147133,12.287026744697744,10.486176382727537
1058,268391.67935058346,12.275018583422197,10.47582811193568
1059,268645.35768645356,12.263033136482756,10.465502139405316
1060,268899.0360223237,12.251070341244864,10.455198387763252
1061,269152.7143581938,12.239130135308589,10.44491677996439
1062,269406.3926940639,12.227212456495053,10.434657239291392
1063,269660.07102993404,12.215317242887751,10.424419689348966
1064,269913.74936580413,12.203444432717056,10.414204054085348
1065,270167.4277016743,12.191593964544875,10.404010257746094
1066,270421.1060375444,12.17976577708495,10.393838224908333
1067,270674.7843734145,12.16795980925897,10.383687880486184
1068,270928.4627092846,12.15617600030376,10.373559149683377
1069,271182.1410451547,12.144414289596762,10.363451958049923
1070,271435.81938102486,12.132674616733247,10.353366231438626
1071,271689.49771689496,12.120956921552978,10.343301896007848
1072,271943.1760527651,12.109261144154972,10.33325887824709
1073,272196.8543886352,12.097587224827098,10.323237104942516
1074,272450.5327245053,12.085935103978995,10.313236503210668
1075,272704.21106037544,12.074304722402303,10.303257000455387
1076,272957.88939624553,12.062696020963015,10.293298524392956
1077,273211.5677321157,12.051108940832757,10.283361003053043
1078,273465.2460679858,12.039543423350315,10.273444364782733
1079,273718.9244038559,12.027999410047464,10.263548538184915
1080,273972.602739726,12.016476842710857,10.25367345222231
1081,274226.2810755961,12.004975663357198,10.243819036126952
1082,274479.95941146626,11.99349581412675,10.233985219422632
1083,274733.63774733635,11.982037237423352,10.224171931961372
1084,274987.3160832065,11.970599875853356,10.214379103856148
1085,275240.9944190766,11.959183672247745,10.20460666554497
1086,275494.67275494675,11.947788569579865,10.194854547749378
1087,275748.35109081684,11.936414511080041,10.185122681460559
1088,276002.02942668693,11.925061440199359,10.175410998012236
1089,276255.7077625571,11.913729300509978,10.165719428977585
1090,276509.3860984272,11.902418035871058,10.156047906242613
1091,276763.0644342973,11.891127590278654,10.146396361963195
1092,277016.7427701674,11.879857907966205,10.136764728618926
1093,277270.4211060375,11.868608933346744,10.127152938932518
1094,277524.09944190766,11.857380611070122,10.117560925919753
1095,277777.77777777775,11.846172885911091,10.107988622899153
1096,278031.4561136479,11.834985702900092,10.098435963444961
1097,278285.134449518,11.823819007229538,10.0889028814212
1098,278538.81278538815,11.812672744318427,10.0793893109798
1099,278792.49112125824,11.801546859762464,10.069895186520766
1100,279046.16945712833,11.790441299288913,10.060420442755088
1101,279299.8477929985,11.779356008958121,10.050965014649442
1102,279553.5261288686,11.76829093488583,10.041528837425718
1103,279807.2044647387,11.757246023431117,10.032111846622932
1104,280060.8828006088,11.74622122113441,10.022713978008923
1105,280314.5611364789,11.73521647474201,10.013335167633103
1106,280568.23947234906,11.724231731177296,10.003975351833432
1107,280821.91780821915,11.713266937523937,9.994634467180362
1108,281075.5961440893,11.702322041097158,9.985312450533868
1109,281329.2744799594,11.691396989356356,9.976009239015658
1110,281582.95281582954,11.680491729986175,9.966724769994407
1111,281836.63115169964,11.669606210801057,9.957458981129282
1112,282090.3094875697,11.65874037985267,9.948211810301677
1113,282343.9878234399,11.647894185309864,9.93898319570265
1114,282597.66615930997,11.637067575593624,9.929773075727258
1115,282851.3444951801,11.626260499267765,9.920581389077274
1116,283105.0228310502,11.615472905079322,9.911408074669426
1117,283358.70116692036,11.604704741935334,9.902253071694584
1118,283612.37950279046,11.593955958961908,9.893116319618795
1119,283866.05783866055,11.583226505406355,9.88399775810254
1120,284119.7361745307,11.572516330746765,9.87489732712513
1121,284373.4145104008,11.561825384598595,9.865814966868184
1122,284627.09284627094,11.551153616779311,9.856750617775946
1123,284880.77118214103,11.54050097724336,9.847704220556484
1124,285134.4495180111,11.52986741617941,9.838675716145831
1125,285388.1278538813,11.519252883903842,9.829665045723758
1126,285641.80618975137,11.508657330867669,9.820672150735428
1127,285895.4845256215,11.498080707759373,9.8116969728498
1128,286149.1628614916,11.487522965436323,9.802739453986566
1129,286402.84119736176,11.476984054845465,9.793799536303457
1130,286656.51953323185,11.466463927204025,9.784877162200585
1131,286910.19786910195,11.455962533864959,9.775972274322058
1132,287163.8762049721,11.445479826281398,9.76708481554319
1133,287417.5545408422,11.435015756168864,9.758214728972042
1134,287671.23287671234,11.424570275331499,9.74936195796484
1135,287924.91121258243,11.4141433357954,9.740526446104942
1136,288178.5895484525,11.403734889723529,9.731708137209658
1137,288432.2678843227,11.393344889443817,9.722906975330158
1138,288685.94622019277,11.382973287436712,9.714122904754058
1139,288939.6245560629,11.37262003639035,9.705355869996426
1140,289193.302891933,11.362285089053252,9.696605815785562
1141,289446.98122780316,11.351968398447813,9.687872687110593
1142,289700.65956367325,11.341669917726028,9.67915642915817
1143,289954.33789954334,11.331389600149528,9.67045698736224
1144,290208.0162354135,11.32112739918683,9.66177430737038
1145,290461.6945712836,11.31088326842927,9.65310833505392
1146,290715.37290715374,11.300657161680263,9.644459016521619
1147,290969.05124302383,11.290449032840872,9.635826298091684
1148,291222.729578894,11.280258835968988,9.627210126292649
1149,291476.4079147641,11.270086525323737,9.61861044790538
1150,291730.08625063417,11.259932055306884,9.61002720991196
1151,291983.7645865043,11.249795380455438,9.601460359496528
1152,292237.4429223744,11.239676455459291,9.592909844091214
1153,292491.12125824456,11.229575235148868,9.584375611324239
1154,292744.79959411465,11.219491674551225,9.575857609049285
1155,292998.47792998474,11.209425728812011,9.567355785331667
1156,293252.1562658549,11.199377353219099,9.558870088443362
1157,293505.834601725,11.189346503264346,9.550400466877655
1158,293759.51293759514,11.179333134482613,9.54194686933439
1159,294013.1912734652,11.16933720268778,9.533509244731569
1160,294266.8696093354,11.159358663753064,9.525087542188901
1161,294520.5479452055,11.149397473713416,9.5166817110265
1162,294774.22628107556,11.139453588760748,9.508291700803136
1163,295027.9046169457,11.129526965246656,9.499917461245976
1164,295281.5829528158,11.119617559656499,9.491558942319639
1165,295535.26128868596,11.10972532861525,9.483216094167195
1166,295788.93962455605,11.099850228874827,9.474888867158322
1167,296042.61796042614,11.089992217391023,9.466577211858613
1168,296296.2962962963,11.080151251181963,9.45828107901718
1169,296549.9746321664,11.070327287473283,9.450000419622421
1170,296803.65296803653,11.060520283631963,9.441735184827776
1171,297057.3313039066,11.050730197076785,9.433485325999623
1172,297311.0096397768,11.040956985498454,9.425250794707912
1173,297564.68797564687,11.031200606627626,9.417031542721125
1174,297818.36631151696,11.021461018373309,9.408827521975752
1175,298072.0446473871,11.011738178826313,9.400638684660825
1176,298325.7229832572,11.002032046072005,9.392464983099574
1177,298579.40131912736,10.99234257850179,9.384306369842694
1178,298833.07965499745,10.982669734563991,9.376162797641474
1179,299086.7579908676,10.97301347285239,9.368034219407402
1180,299340.4363267377,10.96337375208085,9.35992058827498
1181,299594.1146626078,10.953750531157223,9.351821857549645
1182,299847.79299847793,10.94414376903985,9.343737980739133
1183,300101.471334348,10.934553424849728,9.335668911534226
1184,300355.1496702182,2880.0659048304246,1189.3060812065714
1185,300608.82800608827,184.9631158302214,97.99125084290321
1186,300862.50634195836,101.6529879829003,91.30573887804633
1187,301116.1846778285,75.96022245368017,74.07539285609147
1188,301369.8630136986,63.163745769873515,65.23027605458698
1189,301623.54134956875,55.106548645640046,61.09873833786726
1190,301877.21968543885,50.024734696531915,59.218915196902564
1191,302130.898021309,46.46976164600875,58.082912881508605
1192,302384.5763571791,43.90688213013517,56.784087107417136
1193,302638.2546930492,42.195056053471006,55.29075425697072
1194,302891.93302891933,41.90006080744608,53.582161749714615
1195,303145.6113647894,42.70969059938041,51.78824573267759
1196,303399.2897006596,43.863361916684205,49.9605250059081
1197,303652.96803652967,45.26462164954031,48.16422558953609
1198,303906.64637239976,46.11719552413224,46.44203110169474
1199,304160.3247082699,46.43962126929696,44.83050168491455
1200,304414.00304414,47.215607626846435,43.34741721816752
1201,304667.68138001015,47.919331454363544,41.99750515774925
1202,304921.35971588024,48.54204745729958,40.7757161490866
1203,305175.0380517504,49.67772137462447,39.67319224039717
1204,305428.7163876205,49.94368188167204,38.68019546995935
1205,305682.3947234906,49.89449266481924,37.78762490832365
1206,305936.07305936073,49.993687231032816,36.987088922387315
1207,306189.7513952308,49.93549596150472,36.27063384704512
1208,306443.429731101,49.85801386261918,35.63042981633381
1209,306697.10806697106,49.57731489013385,35.05865637867119
1210,306950.7864028412,48.545977965405264,34.54755039738737
1211,307204.4647387113,47.41360304528362,34.089564127327336
1212,307458.1430745814,47.94651858424293,33.677553689080604
1213,307711.82141045155,48.192158570652836,33.304950266838034
1214,307965.49974632164,48.870368860586396,32.96588357126527
1215,308219.1780821918,49.1830454214717,32.655248271787805
1216,308472.8564180619,48.731137344844726,32.368714450310215
1217,308726.534753932,49.77683822101756,32.102690991672034
1218,308980.2130898021,50.69750931420182,31.8542537157116
1219,309233.8914256722,52.26940530720425,31.62105130803681
1220,309487.56976154237,54.34899432100151,31.401201249373177
1221,309741.24809741246,55.80657937222943,31.19318628114863
1222,309994.9264332826,57.0286109721164,30.995759508947682
1223,310248.6047691527,57.66112476201283,30.807863656238723
1224,310502.2831050228,57.93309577930369,30.628567409833902
1225,310755.96144089295,58.75123239886796,30.45701955673267
1226,311009.63977676304,59.3506469041939,30.292419808646997
1227,311263.3181126332,58.942222062137226,30.13400393938934
1228,311516.9964485033,58.64586702156607,29.981040113410884
1229,311770.6747843734,56.09168397001282,29.8328330154026
1230,312024.3531202435,52.89685355542817,29.68873251338886
1231,312278.0314561136,50.70582123751304,29.54814399649587
1232,312531.70979198377,49.57077813520509,29.410538114627126
1233,312785.38812785386,48.07142663300311,29.27545830952656
1234,313039.066463724,46.661248020206216,29.142525180619813
1235,313292.7447995941,44.789521269714356,29.011437311194204
1236,313546.4231354642,43.71844614608938,28.881968652123227
1237,313800.10147133435,43.44597853089357,28.753962902750814
1238,314053.77980720444,42.26729489408651,28.627325542008837
1239,314307.4581430746,41.30279916341524,28.50201426140009
1240,314561.1364789447,41.09260159667777,28.37802855558416
1241,314814.81481481483,42.13923208762989,28.255399161708063
1242,315068.4931506849,42.74696332760153,28.134177929312916
1243,315322.171486555,42.88861587229545,28.014428570791704
1244,315575.84982242517,41.48348447985868,27.89621860523857
1245,315829.52815829526,40.388918056494596,27.779612678887542
1246,316083.2064941654,40.5530794212183,27.664667332221754
1247,316336.8848300355,40.454477679647574,27.551427190429056
1248,316590.5631659056,39.42363370615328,27.43992248342658
1249,316844.24150177574,38.52822205054129,27.330167751852894
1250,317097.91983764584,37.37640375682643,27.222161565069495
1251,317351.598173516,35.20289396861935,27.115887063440212
1252,317605.2765093861,32.51604610760203,27.011313136158552
1253,317858.95484525623,33.070713352478265,26.908396055120008
1254,318112.6331811263,35.756147959959385,26.80708140177214
1255,318366.3115169964,37.461380917161975,26.707306144194266
1256,318619.98985286657,39.01766766783907,26.609000745245485
1257,318873.66818873666,40.32416711223243,26.512091205928236
1258,319127.3465246068,40.62988413647036,26.416500971118598
1259,319381.0248604769,41.057855526070675,26.322152646193754
1260,319634.703196347,40.92633066079024,26.228969491972425
1261,319888.38153221714,39.79015297021797,26.136876681367674
1262,320142.05986808724,38.700804671176186,26.04580231499722
1263,320395.7382039574,37.28481251032295,25.955678203068327
1264,320649.4165398275,34.77707046822589,25.866440429100585
1265,320903.0948756976,31.832953500898054,25.7780297164199
1266,321156.7732115677,31.041093890701408,25.690391621722377
1267,321410.4515474378,30.998270511512338,25.603476581703788
1268,321664.12988330796,30.95353339837914,25.517239838796872
1269,321917.80821917806,30.90693397236061,25.431641271350166
1270,322171.4865550482,30.858523586051195,25.346645151494943
1271,322425.1648909183,32.44198129658747,25.26221985200006
1272,322678.84322678845,33.66053969119332,25.178337520527368
1273,322932.52156265854,35.76012481139077,25.094973736997552
1274,323186.19989852863,37.73590655831506,25.01210716716942
1275,323439.8782343988,39.04682578237305,24.92971922258033
1276,323693.5565702689,39.67388941209274,24.847793734933976
1277,323947.234906139,39.843179113514765,24.766316650622436
1278,324200.9132420091,39.672571604941574,24.68527574911349
1279,324454.5915778792,39.598846486985956,24.604660387522664
1280,324708.26991374936,40.422610215894025,24.524461272348997
1281,324961.94824961945,41.08905003570561,24.444670258004457
1282,325215.6265854896,42.750944418984695,24.365280171370667
1283,325469.3049213597,42.49679394433011,24.286284660820705
1284,325722.98325722985,42.466334607872696,24.20767806761285
1285,325976.66159309994,43.97409143715501,24.129455317721952
1286,326230.33992897003,46.8210787662416,24.05161183156264
1287,326484.0182648402,48.65207820405206,23.974143449459003
1288,326737.6966007103,49.235513936472685,23.89704637068467
1289,326991.3749365804,48.38068532754315,23.820317103704067
1290,327245.0532724505,43.97200503913345,23.743952426100183
1291,327498.7316083206,40.92491357682153,23.667949352037446
1292,327752.40994419076,38.324897828169114,23.592305106058042
1293,328006.08828006085,35.5359050279648,23.517017101650076
1294,328259.766615931,36.63086130090164,23.442082923637376
1295,328513.4449518011,37.25496019333398,23.367500313348295
1296,328767.12328767125,34.86400468222352,23.293267155785276
1297,329020.80162354134,32.397216577004514,23.21938146833044
1298,329274.47995941143,32.47696191929976,23.14584139031801
1299,329528.1582952816,32.38547630990741,23.072645173220984
1300,329781.8366311517,31.68269450597993,22.999791171295257
1301,330035.5149670218,32.60620948630802,22.92727783225807
1302,330289.1933028919,32.90293734742991,22.85510368813009
1303,330542.87163876207,34.41388339021937,22.783267346135283
1304,330796.54997463216,35.48009032204007,22.711767479517903
1305,331050.22831050225,36.994738613588225,22.640602818464444
1306,331303.9066463724,38.254280407937905,22.569772141138905
1307,331557.5849822425,39.22920649422003,22.499274264712252
1308,331811.26331811264,39.97356285225898,22.429108036760173
1309,332064.94165398274,38.74917356796761,22.35927232676472
1310,332318.6199898528,38.436227595351184,22.289766018002776
1311,332572.298325723,35.243130370695035,22.22058799983641
1312,332825.9766615931,30.87097184944613,22.151737160293735
1313,333079.6549974632,28.330462252842967,22.083212379320543
1314,333333.3333333333,26.450159952756753,22.015012522286508
1315,333587.01166920346,26.36404192653709,21.947136434244882
1316,333840.69000507356,26.277969348623998,21.879582934597575
1317,334094.36834094365,26.191960152279464,21.81235081233443
1318,334348.0466768138,26.106031653711913,21.745438821907253
1319,334601.7250126839,26.02020054862016,21.678845679536927
1320,334855.40334855404,25.93448291023809,21.612570060208565
1321,335109.08168442413,25.848894188794482,21.546610595077162
1322,335362.7600202942,25.763449212557273,21.48096586944839
1323,335616.4383561644,27.26149662600116,21.41563442129871
1324,335870.11669203447,28.29402725315537,21.350614740155304
1325,336123.7950279046,28.79970158545611,21.285905266515524
1326,336377.4733637747,29.39492825287579,21.221504391666112
1327,336631.15169964486,29.438611292495445,21.157410457875546
1328,336884.83003551495,29.361969243128517,21.09362175892016
1329,337138.50837138505,28.730110796454426,21.030136541047746
1330,337392.1867072552,28.101612195522037,20.96695300409217
1331,337645.8650431253,27.20645146349046,20.904069303011074
1332,337899.54337899544,26.16382229714096,20.84148354956324
1333,338153.22171486553,25.2546269109205,20.779193814232755
1334,338406.9000507357,24.70177232292849,20.717198128400955
1335,338660.5783866058,24.61904399864376,20.655494486579652
1336,338914.25672247587,24.53660959760699,20.594080848900937
1337,339167.935058346,24.45447563734304,20.532955143617986
1338,339421.6133942161,24.372648189479047,20.47211526979739
1339,339675.29173008626,24.29113289622512,20.41155910001365
1340,339928.97006595635,24.209934987319684,20.351284483134954
1341,340182.64840182645,24.129059296685625,20.291289247176937
1342,340436.3267376966,24.04851027908821,20.231571202085654
1343,340690.0050735667,23.968292026680672,20.172128142646166
1344,340943.68340943684,23.88840828546922,20.11295785126828
1345,341197.36174530693,23.808862471280214,20.054058100819827
1346,341451.0400811771,23.72965768579764,19.995426657432418
1347,341704.7184170472,23.65079673190602,19.937061283192403
1348,341958.39675291727,23.57228212883862,19.87895973882598
1349,342212.0750887874,23.494116127000233,19.821119786348625
1350,342465.7534246575,23.416300722180953,19.763539191545906
1351,342719.43176052766,23.338837669573614,19.706215726465924
1352,342973.11009639775,23.26172849699745,19.649147171781472
1353,343226.78843226784,23.18497451798938,19.592331319049826
1354,343480.466768138,23.1085768441272,19.535765972912706
1355,343734.1451040081,23.032536397096973,19.479448953164784
1356,343987.82343987824,22.95685391998462,19.423378096702628
1357,344241.50177574833,22.881529988391552,19.36755125944559
1358,344495.1801116185,22.806565020823495,19.31196631801415
1359,344748.8584474886,22.731959288577517,19.256621171469973
1360,345002.53678335866,22.657712925426065,19.201513742771002
1361,345256.2151192288,22.583825936444626,19.146641980242716
1362,345509.8934550989,23.91714426636271,19.09200385889333
1363,345763.57179096906,24.807667066578688,19.037597381609086
1364,346017.25012683915,26.684424588750137,18.983420580269158
1365,346270.9284627093,28.323652444951183,18.9294715167289
1366,346524.6067985794,29.297882221053314,18.87574828372885
1367,346778.2851344495,29.870804349092886,18.822249005681414
1368,347031.96347031964,30.043891858187155,18.768971839354712
1369,347285.6418061897,29.769770398975,18.71591497448537
1370,347539.3201420599,28.96029437492692,18.66307663428874
1371,347792.99847792997,28.410698259681695,18.610455075838225
1372,348046.67681380006,27.21928765202303,18.55804859045442
1373,348300.3551496702,25.998026599405353,18.505855503916145
1374,348554.0334855403,24.638412618900563,18.45387417661937
1375,348807.71182141046,23.06525488472246,18.402103003731806
1376,349061.39015728055,21.61447241087286,18.350540415133473
1377,349315.0684931507,21.308104291419237,18.29918487546342
1378,349568.7468290208,21.24032115255924,18.248034883929705
1379,349822.4251648909,21.17289114879267,18.197088974198554
1380,350076.10350076103,21.10581287501773,18.14634571414579
1381,350329.7818366311,21.039084899403715,18.09580370559451
1382,350583.4601725013,20.972705765695594,18.045461583969566
1383,350837.13850837137,20.906673995378398,17.99531801795573
1384,351090.81684424146,20.84098808958024,17.945371709029025
1385,351344.4951801116,20.775646530849077,17.895621391090803
1386,351598.1735159817,20.710647784901447,17.846065829898137
1387,351851.85185185185,20.645990301997,17.796703822565778
1388,352105.53018772195,20.58167251858933,17.747534197058044
1389,352359.2085235921,20.51769285840727,17.698555811544832
1390,352612.8868594622,20.45404973385845,17.649767553854712
1391,352866.5651953323,20.39074154709369,17.60116834081017
1392,353120.24353120243,20.327766690936517,17.552757117633163
1393,353373.9218670725,20.265123549992985,17.504532857249714
1394,353627.6002029427,20.202810501497787,17.456494559625384
1395,353881.27853881277,20.14082591608219,17.408641251114013
1396,354134.9568746829,20.079168158611374,17.360971983731748
1397,354388.635210553,20.01783558879239,17.31348583446285
1398,354642.3135464231,19.956826561962018,17.266181904589924
1399,354895.99188229325,19.896139429575463,17.219059318933944
1400,355149.67021816334,19.83577253981832,17.17211722518879
1401,355403.3485540335,19.775724238192655,17.125354793203442
1402,355657.0268899036,19.715992867816784,17.078771214233704
1403,355910.7052257737,19.656576770153432,17.03236570030327
1404,356164.38356164383,19.597474285247007,16.98613748343654
1405,356418.0618975139,19.53868375220717,16.940085815006565
1406,356671.7402333841,19.480203509514187,16.894209965021385
1407,356925.41856925417,19.422031895491482,16.84850922143737
1408,357179.0969051243,19.36416724854381,16.802982889491574
1409,357432.7752409944,19.30660790752271,16.757630291034825
1410,357686.4535768645,19.24935221198691,16.7124507638495
1411,357940.13191273465,19.192398502513274,16.66744366104112
1412,358193.81024860474,19.135745120968764,16.622608350360736
1413,358447.4885844749,20.26385071698567,16.577944213601043
1414,358701.166920345,20.992707099028046,16.533450645957394
1415,358954.8452562151,21.428336375621377,16.489127055468714
1416,359208.5235920852,21.879890367364155,16.444972862378005
1417,359462.2019279553,22.048742675571333,16.400987498568913
1418,359715.8802638255,21.868408963178823,16.357170407030697
1419,359969.55859969556,21.813849074624297,16.313521041272082
1420,360223.2369355657,21.43511198804833,16.270038864780197
1421,360476.9152714358,20.975769641678554,16.226723350542038
1422,360730.5936073059,20.555663086738978,16.1835739804645
1423,360984.27194317605,20.00299131230139,16.140590244959085
1424,361237.95027904614,19.264041025153876,16.09777164239197
1425,361491.6286149163,18.969241452515906,16.05511767863661
1426,361745.3069507864,18.32989343772802,16.01262786664866
1427,361998.98528665653,18.277523644736178,15.970301725973462
1428,362252.6636225266,18.225429510185133,15.928138782372377
1429,362506.3419583967,18.173609419656046,15.886138567373289
1430,362760.02029426687,18.122061763392487,15.844300617866068
1431,363013.69863013696,18.070784936306705,15.802624475776941
1432,363267.3769660071,18.019777338208645,15.761109687608766
1433,363521.0553018772,17.969037373887847,15.719755804149573
1434,363774.7336377473,17.918563453194967,15.678562380102457
1435,364028.41197361745,17.868353991352194,15.637528973752971
1436,364282.09030948754,17.818407408918805,15.596655146642917
1437,364535.7686453577,17.768722131840295,15.555940463276073
1438,364789.4469812278,17.719296591732885,15.515384490819322
1439,365043.12531709793,17.670129225871648,15.474986798812406
1440,365296.803652968,17.621218477351626,15.434746958892125
1441,365550.4819888381,17.572562795217188,15.394664544556262
1442,365804.16032470827,17.524160634411594,15.354739130888024
1443,366057.83866057836,17.47601045604984,15.314970294328132
1444,366311.5169964485,17.428110727406363,15.275357612467307
1445,366565.1953323186,17.380459921991367,15.235900663775611
1446,366818.87366818875,17.333056519749675,15.196599027477655
1447,367072.55200405885,17.285899007012326,15.157452283287721
1448,367326.23033992894,17.23898587660588,15.118460011241714
1449,367579.9086757991,17.192315627981067,15.079621791559015
1450,367833.5870116692,17.145886767217796,15.040937204407498
1451,368087.26534753933,17.099697807128038,15.002405829823246
1452,368340.9436834094,17.05374726727778,14.964027247492758
1453,368594.6220192795,17.008033674172303,14.925801036645357
1454,368848.30035514967,16.962555561105134,14.887726775937542
1455,369101.97869101976,16.917311468447288,14.849804043295926
1456,369355.6570268899,16.872299943508978,14.812032415805668
1457,369609.33536276,16.82751954071693,14.774411469634966
1458,369863.01369863015,16.782968821537263,14.736940779898834
1459,370116.69203450024,16.738646354710454,14.69961992057114
1460,370370.37037037034,16.69455071607422,14.662448464418182
1461,370624.0487062405,16.6506804887037,14.625425982890702
1462,370877.7270421106,16.607034263043353,14.588552046071596
1463,371131.4053779807,16.56361063674273,14.551826222607472
1464,371385.0837138508,16.52040821483358,14.515248079620646
1465,371638.7620497209,16.477425609770684,14.478817182696536
1466,371892.44038559106,16.434661441314866,14.442533095776977
1467,372146.11872146116,16.39211433662404,14.406395381196972
1468,372399.7970573313,16.3497829304626,14.37040359953285
1469,372653.4753932014,16.307665864909456,14.33455730969698
1470,372907.15372907155,16.265761789548414,14.298856068796127
1471,373160.83206494164,16.22406936147894,14.263299432159057
1472,373414.51040081173,16.18258724530076,14.227886953325209
1473,373668.1887366819,16.141314113138538,14.192618183994492
1474,373921.867072552,16.100248644669914,14.157492674039169
1475,374175.5454084221,16.05938952705455,14.12250997148144
1476,374429.2237442922,16.018735455048756,14.087669622492111
1477,374682.90208016237,15.978285130916225,14.052971171395233
1478,374936.58041603246,15.938037264540068,14.018414160671021
1479,375190.25875190255,15.897990573210246,13.98399813092558
1480,375443.9370877727,15.858143781954944,13.949722620968258
1481,375697.6154236428,15.81849562317039,13.915587167752632
1482,375951.29375951295,15.779044836934352,13.8815913064226
1483,376204.97209538304,15.739790170795047,13.847734570341613
1484,376458.65043125313,15.700730379806963,13.814016491070236
1485,376712.3287671233,15.661864226656299,13.780436598436985
1486,376966.0071029934,15.623190481434186,13.746994420528923
1487,377219.6854388635,15.58470792177635,13.713689483692889
1488,377473.3637747336,15.54641533280403,13.680521312668404
1489,377727.04211060377,16.4391350448701,13.64748943045714
1490,377980.72044647386,16.979293774909728,13.614593358508296
1491,378234.39878234395,17.36771892919649,13.581832616635696
1492,378488.0771182141,17.729421907233704,13.549206723130713
1493,378741.7554540842,17.922623579362245,13.516715194764604
1494,378995.43378995435,17.733623972578812,13.484357546791921
1495,379249.11212582444,17.860259997570196,13.45213329308223
1496,379502.79046169453,17.500183251402188,13.420041946048116
1497,379756.4687975647,17.44899443876497,13.388083016772914
1498,380010.1471334348,16.98712794107922,13.356256015009635
1499,380263.8254693049,16.87838053125029,13.324560449223954
1500,380517.503805175,16.277188383673227,13.292995826654385
1501,380771.18214104517,16.113749226765144,13.261561653353114
1502,381024.86047691526,15.611276551960557,13.230257434205884
1503,381278.53881278535,15.579490017109151,13.199082673020676
1504,381532.2171486555,14.948100141735832,13.168036872534614
1505,381785.8954845256,14.885853720485834,13.137119534469937
1506,382039.57382039574,14.85081150493635,13.106330159611055
1507,382293.25215626584,14.815938226929315,13.075668247788967
1508,382546.930492136,14.781232810193359,13.045133298006798
1509,382800.6088280061,14.746694185521235,13.014724808413336
1510,383054.2871638762,14.712321290664132,12.98444227640193
1511,383307.9654997463,14.67811307043175,12.954285198636002
1512,383561.6438356164,14.644068476540314,12.924253071092997
1513,383815.32217148656,14.610186467630971,12.894345389149912
1514,384069.00050735666,14.576466009231488,12.864561647562052
1515,384322.67884322675,14.542906073686973,12.834901340575614
1516,384576.3571790969,14.509505640259134,12.805363961957875
1517,384830.035514967,14.476263694963723,12.775949005010569
1518,385083.71385083714,14.443179230515309,12.746655962677885
1519,385337.39218670723,14.410251246461355,12.717484327534358
1520,385591.0705225774,14.377478748983034,12.688433591878898
1521,385844.7488584475,14.344860750915853,12.659503247756321
1522,386098.42719431757,14.312396271783799,12.630692786997399
1523,386352.1055301877,14.280084337622572,12.60200170129493
1524,386605.7838660578,14.24792398109419,12.573429482232326
1525,386859.46220192796,14.215914241358886,12.544975621308659
1526,387113.14053779806,14.184054164124364,12.516639610032115
1527,387366.81887366815,14.152342801460003,12.488420939923847
1528,387620.4972095383,14.12077921193323,12.460319102564494
1529,387874.1755454084,14.089362460473861,12.432333589686522
1530,388127.85388127854,14.058091618389852,12.404463893135757
1531,388381.53221714863,14.026965763282016,12.376709504997207
1532,388635.2105530188,13.995983979010564,12.349069917585595
1533,388888.8888888889,13.965145355790408,12.321544623493219
1534,389142.56722475897,13.934448989902346,12.29413311566359
1535,389396.2455606291,13.903893983918998,12.266834887386208
1536,389649.9238964992,13.873479446514132,12.239649432375057
1537,389903.60223236936,13.843204492480321,12.21257624479886
1538,390157.28056823945,13.81306824265065,12.18561481929847
1539,390410.9589041096,13.783069823953959,12.158764651061475
1540,390664.6372399797,13.753208369250055,12.132025235817062
1541,390918.3155758498,13.723483017425034,12.105396069931354
1542,391171.99391171994,13.693892913236345,12.0788766503855
1543,391425.67224759003,13.664437207391925,12.052466474852094
1544,391679.3505834602,13.635115056431887,12.026165041719743
1545,391933.0289193303,13.60592562271978,11.999971850099621
1546,392186.70725520037,13.5768680743968,11.97388639992542
1547,392440.3855910705,13.547941585357858,11.947908191929244
1548,392694.0639269406,13.519145335251633,11.92203672767687
1549,392947.74226281076,13.49047850936634,11.896271509653577
1550,393201.42059868085,13.461940298651506,11.870612041238221
1551,393455.098934551,13.433529899644624,11.845057826755488
1552,393708.7772704211,13.405246514475984,11.819608371520793
1553,393962.4556062912,13.377089350847502,11.79426318184713
1554,394216.13394216134,13.349057621894355,11.769021765095411
1555,394469.81227803143,13.321150546288765,11.743883629695418
1556,394723.4906139016,13.293367348116774,11.718848285149361
1557,394977.1689497717,13.265707256826598,11.69391524211939
1558,395230.84728564176,13.238169507269166,11.669084012389863
1559,395484.5256215119,13.210753339636005,11.644354108940338
1560,395738.203957382,13.183457999392708,11.619725045947682
1561,395991.88229325216,13.156282737282176,11.59519633880768
1562,396245.56062912225,13.129226809214234,11.57076750419373
1563,396499.2389649924,13.102289476411672,11.546438060034019
1564,396752.9173008625,13.075470005120406,11.522207525583475
1565,397006.5956367326,13.048767666804403,11.498075421384977
1566,397260.27397260274,13.022181737999382,11.474041269368486
1567,397513.9523084728,12.99571150028831,11.450104592811337
1568,397767.630644343,12.969356240240709,11.426264916380234
1569,398021.30898021307,12.943115249481913,11.402521766164586
1570,398274.9873160832,12.916987824518065,11.37887466968701
1571,398528.6656519533,12.890973266874937,11.355323155890057
1572,398782.3439878234,12.865070882924652,11.33186675523355
1573,399036.02232369356,12.839279983870071,11.308504999638858
1574,399289.70065956365,12.813599885746845,11.285237422521718
1575,399543.3789954338,12.788029909355554,11.262063558859605
1576,399797.0573313039,12.76256938037269,11.23898294513566
